,Columns,Test_Statistics,P_Value
0,sepal_length,0.09666666666666666,0.7897223097396464
1,sepal_width,0.08666666666666667,0.882571112001454
2,petal_length,0.09,0.8539186718393628
3,petal_width,0.09666666666666666,0.7897223097396464
